bosÃ¦ttelser,5387,3,1
besÃ¦ttelse,4286,3,3
palÃ¦stinensere,5283,3,19
trumps,4861,3,3
amerikansk,3645,3,4
ulovlige,2140,0,203
washington,3984,3,106
anerkendelse,1948,1,78
obama,2613,3,3257
israels,4224,3,906
palÃ¦stinensiske,2984,3,3931
israelske,1939,3,5511
clinton,3593,3,1013
putin,3975,3,130
anerkende,2215,0,10
fred,629,2,308
saudi,4938,3,3
palÃ¦stinenserne,3418,3,3036
russiske,3543,3,219
york,2419,2,3464
sende,426,1,976
krig,616,3,8881
stat,888,2,4600
civile,1905,2,905
situationen,1266,1,2
aleppo,2640,3,638
forsvaret,1155,3,6764
menneskerettigheder,2139,2,566
kurdiske,3022,3,1253
erdogan,3264,3,1789
forsvar,1401,3,4740
krigen,2422,3,18
ambassadør,2636,3,6
kurderne,4123,3,27
kræfter,604,1,58
demokratiske,680,1,1499
new,1355,0,8201
trump,1211,3,12225
skræmmende,1807,1,5
bernie,5886,2,7
hdp,4630,1,224
donald,4241,2,1013
isil,3487,3,3
støtte,157,1,10265
forsvare,1457,3,8
støtter,487,1,24
hvide,2802,2,15
demokratisk,962,1,25
fly,1943,2,1431
fns,3357,1,16
veteraner,2037,3,3858
night,14420,0,6
demokratiet,660,1,1055
udsendte,2450,3,929
generalforsamling,1847,2,9
våben,1832,3,15
sport,3838,1,5
is,621,1,8907
kamp,349,2,826
ol,4841,0,148
danmarks,102,1,9284
president,6165,3,4110
vinder,1094,1,38
business,3818,0,9
make,8335,1,2123
mogens,1881,0,2752
america,23354,1,3417
one,4410,0,224
country,9259,0,247
respekt,282,0,3422
american,16009,0,687
today,9466,0,929
people,3770,0,2666
thank,12653,0,1380
time,1017,0,204
get,6957,0,78
us,4158,0,167
sikkerhed,756,2,25
great,7148,0,5225
women,8175,0,13
day,4414,0,12
need,11313,0,12
indsats,193,1,8067
live,1586,0,195
golf,15933,0,50
must,8574,0,16
rights,8352,0,8
lykketoft,3283,0,729
situation,548,0,56
season,30093,0,21
kina,2219,3,950
f,1785,0,261
first,5486,0,10
watch,12273,0,133
meeting,10710,0,120
nødt,408,0,77
bør,85,0,11513
enhedslisten,110,0,18420
løbe,1411,0,310
up,3259,0,18
join,11173,0,79
danske,8,0,94233
danmark,1,1,189334
world,2996,0,44
nordisk,1704,1,3663
norge,1252,1,4859
valg,108,0,14733
national,2319,1,37
holger,2186,0,991
gade,1858,0,72
spiller,1275,0,170
nordiske,2168,1,2655
grønland,2151,1,3486
of,602,0,8254
the,226,0,8554
and,644,0,8213
bech,4159,0,42
house,7913,0,21
rolle,1047,0,456
fortsat,248,0,25
dragsted,5585,0,44
in,858,0,7925
secretary,21751,0,23
fox,30088,0,128
a,583,0,10586
demonstration,1754,0,572
come,4486,0,54
lisbeth,3552,0,177
lene,2823,0,869
sandheden,1296,0,64
dag,0,0,211622
january,30089,0,36
snowden,4628,0,241
krarup,2921,0,355
marie,2003,0,609
kampdag,2350,0,422
grand,4654,0,195
villy,2862,0,777
tanker,464,0,6288
overfor,297,0,328
pelle,4441,0,240
tom,2753,0,32
zenia,3155,0,1505
amerikanerne,4785,3,4
allierede,3973,2,20
vestbredden,5871,3,4
russerne,8081,3,3
styrker,1352,1,92
krige,4471,2,8
forsvarets,4929,2,683
sanders,6289,0,57
arabien,5292,3,79
forsvarsordfører,5556,3,9
hæren,9795,3,1
krigere,8171,3,1
indkøb,3289,1,481
europarådets,6004,1,35
venstreorienterede,3667,0,87
erdogans,6966,3,9
udsendt,3758,1,368
skylder,1096,0,1785
amnesty,5900,1,8
flagdag,5399,0,131
ære,1934,0,1207
nævn,6142,0,4
spil,992,0,379
fortjener,799,0,1462
john,3146,0,66
afghanske,6521,3,5
amerikanere,7017,3,2
konflikt,2667,1,5
th,11982,0,67
parlamentariske,3947,0,49
konflikter,3047,1,9
parlament,3668,0,3
forsamling,5210,0,5
times,2711,0,73
køb,2425,0,172
helte,4027,0,58
travel,26568,0,8
verdensmål,6307,1,34
veteranerne,6969,0,7
state,12656,0,6
